{"MAE": 0.048449769776611404, "RMSE": 0.06588220847776324, "R2_Score": 0.7877523034764079}